DocNo	DocDate	AgentID	AdjType	Location	BinNo	ItemNo	UOM	Qty	FromDate	ToDate	Reason	Status	
MDO0012762	17-10-2024 00:38:15	ADMIN	+ve Adjustment	FREEZER	FL203.01.01	FF204004	PKT	78	01-10-2024 00:00:00	18-10-2024 00:00:00	(ADD)Stock Take Adjustment	Confirmed	
MDO0012759	16-10-2024 07:38:09	ADMIN	+ve Adjustment	FREEZER	FL203.01.01	FF204004	PKT	198	01-10-2024 00:00:00	18-10-2024 00:00:00	(ADD)Cycle Count Adjustment	Confirmed	
MDO0012756	16-10-2024 06:34:05	ADMIN	+ve Adjustment	FREEZER	FRECEIVING	FF435002	CT	9	01-10-2024 00:00:00	18-10-2024 00:00:00	(ADD)Discrepancies In Picking	Not Confirmed	
MDO0012763	17-10-2024 00:55:19	ADMIN	+ve Adjustment	FREEZER	FZ01	FF435002	PKT	54	01-10-2024 00:00:00	18-10-2024 00:00:00	(ADD)Cycle Count Adjustment	Confirmed	
MDO0012776	17-10-2024 12:46:00	ADMIN	+ve Adjustment	FREEZER	R01.01.27	FRCHICKBLESSLEG200G2	PKT	1370	01-10-2024 00:00:00	18-10-2024 00:00:00	(ADD)Cycle Count Adjustment	Not Confirmed	
MDO0012777	17-10-2024 12:46:03	ADMIN	+ve Adjustment	FREEZER	R01.01.27	FRCHICKBLESSLEG200G2	PKT	1370	01-10-2024 00:00:00	18-10-2024 00:00:00	(ADD)Cycle Count Adjustment	Not Confirmed	
MDO0012778	17-10-2024 12:46:10	ADMIN	+ve Adjustment	FREEZER	R01.01.27	FRCHICKBLESSLEG200G2	PKT	1370	01-10-2024 00:00:00	18-10-2024 00:00:00	(ADD)Cycle Count Adjustment	Confirmed	
MDO0012731	03-10-2024 09:09:58	ADMIN	+ve Adjustment	FREEZER	FRECEIVING	FRSFPD1KG	PKT	10	01-10-2024 00:00:00	18-10-2024 00:00:00	(ADD)Cycle Count Adjustment	Confirmed	
MDO0012774	17-10-2024 10:48:01	ADMIN	+ve Adjustment	DRY	BLK02.01.13	K847005	PKT	13	01-10-2024 00:00:00	18-10-2024 00:00:00	(ADD)Cycle Count Adjustment	Confirmed	
MDO0012752	15-10-2024 11:16:01	ADMIN	+ve Adjustment	AIRCON	AC01	KGFL16025	BAG	79	01-10-2024 00:00:00	18-10-2024 00:00:00	(ADD)Cycle Count Adjustment	Confirmed	
MDO0012753	15-10-2024 11:16:08	ADMIN	+ve Adjustment	AIRCON	AC01	KGFL16025	BAG	79	01-10-2024 00:00:00	18-10-2024 00:00:00	(ADD)Cycle Count Adjustment	Confirmed	
MDO0012765	17-10-2024 07:25:16	ADMIN	+ve Adjustment	DRY	BLK03.05.03	MI1674153	CT	8	01-10-2024 00:00:00	18-10-2024 00:00:00	(ADD)Cycle Count Adjustment	Confirmed	
MDO0012765	17-10-2024 07:25:16	ADMIN	+ve Adjustment	DRY	BLK03.05.03	MI1674153	CT	7	01-10-2024 00:00:00	18-10-2024 00:00:00	(ADD)Cycle Count Adjustment	Confirmed	
MDO0012765	17-10-2024 07:25:16	ADMIN	+ve Adjustment	DRY	BLK03.05.03	MI1674153	CT	3	01-10-2024 00:00:00	18-10-2024 00:00:00	(ADD)Cycle Count Adjustment	Confirmed	
MDO0012765	17-10-2024 07:25:16	ADMIN	+ve Adjustment	DRY	BLK03.05.03	MI1674153	CT	2	01-10-2024 00:00:00	18-10-2024 00:00:00	(ADD)Cycle Count Adjustment	Confirmed	
MDO0012765	17-10-2024 07:25:16	ADMIN	+ve Adjustment	DRY	BLK03.05.03	MI1674153	CT	3	01-10-2024 00:00:00	18-10-2024 00:00:00	(ADD)Cycle Count Adjustment	Confirmed	
MDO0012765	17-10-2024 07:25:16	ADMIN	+ve Adjustment	DRY	BLK03.05.05	MI1674153	CT	2	01-10-2024 00:00:00	18-10-2024 00:00:00	(ADD)Cycle Count Adjustment	Confirmed	
MDO0012765	17-10-2024 07:25:16	ADMIN	+ve Adjustment	DRY	BLK03.05.05	MI1674153	CT	10	01-10-2024 00:00:00	18-10-2024 00:00:00	(ADD)Cycle Count Adjustment	Confirmed	
MDO0012765	17-10-2024 07:25:16	ADMIN	+ve Adjustment	DRY	BLK03.05.05	MI1674153	CT	12	01-10-2024 00:00:00	18-10-2024 00:00:00	(ADD)Cycle Count Adjustment	Confirmed	
MDO0012765	17-10-2024 07:25:16	ADMIN	+ve Adjustment	DRY	BLK03.05.06	MI1674153	CT	17	01-10-2024 00:00:00	18-10-2024 00:00:00	(ADD)Cycle Count Adjustment	Confirmed	
MDO0012765	17-10-2024 07:25:16	ADMIN	+ve Adjustment	DRY	BLK03.05.06	MI1674153	CT	4	01-10-2024 00:00:00	18-10-2024 00:00:00	(ADD)Cycle Count Adjustment	Confirmed	
MDO0012765	17-10-2024 07:25:16	ADMIN	+ve Adjustment	DRY	BLK03.05.06	MI1674153	CT	5	01-10-2024 00:00:00	18-10-2024 00:00:00	(ADD)Cycle Count Adjustment	Confirmed	
MDO0012764	17-10-2024 07:00:26	ADMIN	+ve Adjustment	DRY	BLK05.04.31	PIOKASU5000	TUB	1	01-10-2024 00:00:00	18-10-2024 00:00:00	(ADD)Cycle Count Adjustment	Confirmed	
MDO0012720	02-10-2024 06:36:13	ADMIN	+ve Adjustment	FREEZER	FL204.02.05	RMVEBRCOLI	PKT	60	01-10-2024 00:00:00	18-10-2024 00:00:00	Inventory Misplaced	Confirmed	
MDO0012720	02-10-2024 06:36:13	ADMIN	+ve Adjustment	FREEZER	FL204.02.05	RMVEBRCOLI	PKT	420	01-10-2024 00:00:00	18-10-2024 00:00:00	Inventory Misplaced	Confirmed	
MDO0012720	02-10-2024 06:36:13	ADMIN	+ve Adjustment	FREEZER	FL204.03.09	RMVEBRCOLI	PKT	420	01-10-2024 00:00:00	18-10-2024 00:00:00	Inventory Misplaced	Confirmed	
MDO0012720	02-10-2024 06:36:13	ADMIN	+ve Adjustment	FREEZER	FL204.03.09	RMVEBRCOLI	PKT	420	01-10-2024 00:00:00	18-10-2024 00:00:00	Inventory Misplaced	Confirmed	
MDO0012720	02-10-2024 06:36:13	ADMIN	+ve Adjustment	FREEZER	FL204.04.09	RMVEBRCOLI	PKT	420	01-10-2024 00:00:00	18-10-2024 00:00:00	Inventory Misplaced	Confirmed	
MDO0012720	02-10-2024 06:36:13	ADMIN	+ve Adjustment	FREEZER	FL204.04.09	RMVEBRCOLI	PKT	420	01-10-2024 00:00:00	18-10-2024 00:00:00	Inventory Misplaced	Confirmed	
MDO0012720	02-10-2024 06:36:13	ADMIN	+ve Adjustment	FREEZER	FL204.05.09	RMVEBRCOLI	PKT	420	01-10-2024 00:00:00	18-10-2024 00:00:00	Inventory Misplaced	Confirmed	
MDO0012720	02-10-2024 06:36:13	ADMIN	+ve Adjustment	FREEZER	FL204.05.09	RMVEBRCOLI	PKT	420	01-10-2024 00:00:00	18-10-2024 00:00:00	Inventory Misplaced	Confirmed	
MDO0012721	02-10-2024 06:41:12	ADMIN	+ve Adjustment	FREEZER	FL204.02.05	RMVEBRCOLI	PKT	420	01-10-2024 00:00:00	18-10-2024 00:00:00	Inventory Misplaced	Confirmed	
MDO0012721	02-10-2024 06:41:12	ADMIN	+ve Adjustment	FREEZER	FL204.02.05	RMVEBRCOLI	PKT	60	01-10-2024 00:00:00	18-10-2024 00:00:00	Inventory Misplaced	Confirmed	
MDO0012721	02-10-2024 06:41:12	ADMIN	+ve Adjustment	FREEZER	FL204.03.09	RMVEBRCOLI	PKT	420	01-10-2024 00:00:00	18-10-2024 00:00:00	Inventory Misplaced	Confirmed	
MDO0012721	02-10-2024 06:41:12	ADMIN	+ve Adjustment	FREEZER	FL204.03.09	RMVEBRCOLI	PKT	420	01-10-2024 00:00:00	18-10-2024 00:00:00	Inventory Misplaced	Confirmed	
MDO0012721	02-10-2024 06:41:12	ADMIN	+ve Adjustment	FREEZER	FL204.04.09	RMVEBRCOLI	PKT	420	01-10-2024 00:00:00	18-10-2024 00:00:00	Inventory Misplaced	Confirmed	
MDO0012721	02-10-2024 06:41:12	ADMIN	+ve Adjustment	FREEZER	FL204.04.09	RMVEBRCOLI	PKT	420	01-10-2024 00:00:00	18-10-2024 00:00:00	Inventory Misplaced	Confirmed	
MDO0012721	02-10-2024 06:41:12	ADMIN	+ve Adjustment	FREEZER	FL204.05.09	RMVEBRCOLI	PKT	420	01-10-2024 00:00:00	18-10-2024 00:00:00	Inventory Misplaced	Confirmed	
MDO0012721	02-10-2024 06:41:12	ADMIN	+ve Adjustment	FREEZER	FL204.05.09	RMVEBRCOLI	PKT	420	01-10-2024 00:00:00	18-10-2024 00:00:00	Inventory Misplaced	Confirmed	
MDO0012722	02-10-2024 06:43:16	ADMIN	+ve Adjustment	FREEZER	FL204.02.05	RMVEBRCOLI	PKT	420	01-10-2024 00:00:00	18-10-2024 00:00:00	Inventory Misplaced	Confirmed	
MDO0012722	02-10-2024 06:43:16	ADMIN	+ve Adjustment	FREEZER	FL204.02.05	RMVEBRCOLI	PKT	60	01-10-2024 00:00:00	18-10-2024 00:00:00	Inventory Misplaced	Confirmed	
MDO0012722	02-10-2024 06:43:16	ADMIN	+ve Adjustment	FREEZER	FL204.03.09	RMVEBRCOLI	PKT	420	01-10-2024 00:00:00	18-10-2024 00:00:00	Inventory Misplaced	Confirmed	
MDO0012722	02-10-2024 06:43:16	ADMIN	+ve Adjustment	FREEZER	FL204.03.09	RMVEBRCOLI	PKT	420	01-10-2024 00:00:00	18-10-2024 00:00:00	Inventory Misplaced	Confirmed	
MDO0012722	02-10-2024 06:43:16	ADMIN	+ve Adjustment	FREEZER	FL204.04.09	RMVEBRCOLI	PKT	420	01-10-2024 00:00:00	18-10-2024 00:00:00	Inventory Misplaced	Confirmed	
MDO0012722	02-10-2024 06:43:16	ADMIN	+ve Adjustment	FREEZER	FL204.04.09	RMVEBRCOLI	PKT	420	01-10-2024 00:00:00	18-10-2024 00:00:00	Inventory Misplaced	Confirmed	
MDO0012722	02-10-2024 06:43:16	ADMIN	+ve Adjustment	FREEZER	FL204.05.09	RMVEBRCOLI	PKT	420	01-10-2024 00:00:00	18-10-2024 00:00:00	Inventory Misplaced	Confirmed	
MDO0012722	02-10-2024 06:43:16	ADMIN	+ve Adjustment	FREEZER	FL204.05.09	RMVEBRCOLI	PKT	420	01-10-2024 00:00:00	18-10-2024 00:00:00	Inventory Misplaced	Confirmed	
MDO0012723	02-10-2024 06:48:42	ADMIN	+ve Adjustment	FREEZER	FL204.02.05	RMVEBRCOLI	CT	42	01-10-2024 00:00:00	18-10-2024 00:00:00	Inventory Misplaced	Confirmed	
MDO0012724	02-10-2024 06:56:28	ADMIN	+ve Adjustment	FREEZER	FL204.02.05	RMVEBRCOLI	PKT	420	01-10-2024 00:00:00	18-10-2024 00:00:00	(ADD)Stock Take Adjustment	Confirmed	
MDO0012724	02-10-2024 06:56:28	ADMIN	+ve Adjustment	FREEZER	FL204.02.05	RMVEBRCOLI	PKT	60	01-10-2024 00:00:00	18-10-2024 00:00:00	(ADD)Stock Take Adjustment	Confirmed	
MDO0012724	02-10-2024 06:56:28	ADMIN	+ve Adjustment	FREEZER	FL204.03.09	RMVEBRCOLI	PKT	420	01-10-2024 00:00:00	18-10-2024 00:00:00	(ADD)Stock Take Adjustment	Confirmed	
MDO0012725	02-10-2024 09:12:29	ADMIN	+ve Adjustment	FREEZER	FL204.02.05	RMVEBRCOLI	PKT	420	01-10-2024 00:00:00	18-10-2024 00:00:00	(ADD)Cycle Count Adjustment	Confirmed	
MDO0012725	02-10-2024 09:12:29	ADMIN	+ve Adjustment	FREEZER	FL204.02.05	RMVEBRCOLI	PKT	60	01-10-2024 00:00:00	18-10-2024 00:00:00	(ADD)Cycle Count Adjustment	Confirmed	
MDO0012725	02-10-2024 09:12:29	ADMIN	+ve Adjustment	FREEZER	FL204.03.09	RMVEBRCOLI	PKT	420	01-10-2024 00:00:00	18-10-2024 00:00:00	(ADD)Cycle Count Adjustment	Confirmed	
MDO0012725	02-10-2024 09:12:29	ADMIN	+ve Adjustment	FREEZER	FL204.03.09	RMVEBRCOLI	PKT	420	01-10-2024 00:00:00	18-10-2024 00:00:00	(ADD)Cycle Count Adjustment	Confirmed	
MDO0012725	02-10-2024 09:12:29	ADMIN	+ve Adjustment	FREEZER	FL204.04.09	RMVEBRCOLI	PKT	420	01-10-2024 00:00:00	18-10-2024 00:00:00	(ADD)Cycle Count Adjustment	Confirmed	
MDO0012725	02-10-2024 09:12:29	ADMIN	+ve Adjustment	FREEZER	FL204.04.09	RMVEBRCOLI	PKT	420	01-10-2024 00:00:00	18-10-2024 00:00:00	(ADD)Cycle Count Adjustment	Confirmed	
MDO0012725	02-10-2024 09:12:29	ADMIN	+ve Adjustment	FREEZER	FL204.05.09	RMVEBRCOLI	PKT	420	01-10-2024 00:00:00	18-10-2024 00:00:00	(ADD)Cycle Count Adjustment	Confirmed	
MDO0012725	02-10-2024 09:12:29	ADMIN	+ve Adjustment	FREEZER	FL204.05.09	RMVEBRCOLI	PKT	420	01-10-2024 00:00:00	18-10-2024 00:00:00	(ADD)Cycle Count Adjustment	Confirmed	
MDO0012724	02-10-2024 06:56:28	ADMIN	+ve Adjustment	FREEZER	FL204.03.09	RMVEBRCOLI	PKT	420	01-10-2024 00:00:00	18-10-2024 00:00:00	(ADD)Stock Take Adjustment	Confirmed	
MDO0012724	02-10-2024 06:56:28	ADMIN	+ve Adjustment	FREEZER	FL204.04.09	RMVEBRCOLI	PKT	420	01-10-2024 00:00:00	18-10-2024 00:00:00	(ADD)Stock Take Adjustment	Confirmed	
MDO0012724	02-10-2024 06:56:28	ADMIN	+ve Adjustment	FREEZER	FL204.04.09	RMVEBRCOLI	PKT	420	01-10-2024 00:00:00	18-10-2024 00:00:00	(ADD)Stock Take Adjustment	Confirmed	
MDO0012724	02-10-2024 06:56:28	ADMIN	+ve Adjustment	FREEZER	FL204.05.09	RMVEBRCOLI	PKT	420	01-10-2024 00:00:00	18-10-2024 00:00:00	(ADD)Stock Take Adjustment	Confirmed	
MDO0012724	02-10-2024 06:56:28	ADMIN	+ve Adjustment	FREEZER	FL204.05.09	RMVEBRCOLI	PKT	420	01-10-2024 00:00:00	18-10-2024 00:00:00	(ADD)Stock Take Adjustment	Confirmed	
MDO0012768	17-10-2024 07:51:24	ADMIN	+ve Adjustment	DRY	BLK07.02.30	ZCOQBLUE100G	PKT	38	01-10-2024 00:00:00	18-10-2024 00:00:00	(ADD)Cycle Count Adjustment	Confirmed	
MDO0012754	16-10-2024 05:22:29	ADMIN	+ve Adjustment	DRY	BLK07.02.31	ZCTEM-CG-HA12P00250-R00	PKT	43	01-10-2024 00:00:00	18-10-2024 00:00:00	(ADD)Cycle Count Adjustment	Confirmed	
MDO0012755	16-10-2024 06:26:09	ADMIN	+ve Adjustment	DRY	BLK07.02.31	ZCTEM-CG-HA12P00250-R00	PKT	43	01-10-2024 00:00:00	18-10-2024 00:00:00	(ADD)Cycle Count Adjustment	Confirmed	
MDO0012757	16-10-2024 07:05:40	ADMIN	+ve Adjustment	DRY	BLK07.02.31	ZCTEM-CG-HA12P00250-R00	PKT	43	01-10-2024 00:00:00	18-10-2024 00:00:00	(ADD)Cycle Count Adjustment	Confirmed	
MDO0012758	16-10-2024 07:15:21	ADMIN	+ve Adjustment	DRY	BLK07.02.35	ZHGPA05	BTL	48	01-10-2024 00:00:00	18-10-2024 00:00:00	(ADD)Cycle Count Adjustment	Confirmed	
MDO0012772	17-10-2024 07:55:40	ADMIN	+ve Adjustment	DRY	BLK07.01.54	ZHKTD	BTL	768	01-10-2024 00:00:00	18-10-2024 00:00:00	(ADD)Cycle Count Adjustment	Confirmed	
MDO0012770	17-10-2024 07:53:23	ADMIN	+ve Adjustment	DRY	L3TRANSFERBIN	ZHKTD	BTL	768	01-10-2024 00:00:00	18-10-2024 00:00:00	(ADD)Cycle Count Adjustment	Confirmed	
MDO0012758	16-10-2024 07:15:21	ADMIN	+ve Adjustment	DRY	BLK07.01.18	ZHPL05	BTL	336	01-10-2024 00:00:00	18-10-2024 00:00:00	(ADD)Cycle Count Adjustment	Confirmed	
MDO0012772	17-10-2024 07:55:40	ADMIN	+ve Adjustment	DRY	BLK07.01.57	ZHRBG	EAC	1704	01-10-2024 00:00:00	18-10-2024 00:00:00	(ADD)Cycle Count Adjustment	Confirmed	
MDO0012770	17-10-2024 07:53:23	ADMIN	+ve Adjustment	DRY	L3TRANSFERBIN	ZHRBG	EAC	1704	01-10-2024 00:00:00	18-10-2024 00:00:00	(ADD)Cycle Count Adjustment	Confirmed	
MDO0012770	17-10-2024 07:53:23	ADMIN	+ve Adjustment	DRY	RECEIVING	ZHRBSAM250ML	EAC	840	01-10-2024 00:00:00	18-10-2024 00:00:00	(ADD)Cycle Count Adjustment	Confirmed	
MDO0012770	17-10-2024 07:53:23	ADMIN	+ve Adjustment	DRY	RECEIVING	ZHRBSAM250ML	EAC	2280	01-10-2024 00:00:00	18-10-2024 00:00:00	(ADD)Cycle Count Adjustment	Confirmed	
MDO0012772	17-10-2024 07:55:40	ADMIN	+ve Adjustment	DRY	BLK07.01.14	ZHRBSAM250ML	EAC	840	01-10-2024 00:00:00	18-10-2024 00:00:00	(ADD)Cycle Count Adjustment	Confirmed	
MDO0012772	17-10-2024 07:55:40	ADMIN	+ve Adjustment	DRY	BLK07.03.54	ZHRBSAM250ML	EAC	2280	01-10-2024 00:00:00	18-10-2024 00:00:00	(ADD)Cycle Count Adjustment	Confirmed	
MDO0012772	17-10-2024 07:55:40	ADMIN	+ve Adjustment	DRY	BLK07.01.53	ZHRBX	BTL	1512	01-10-2024 00:00:00	18-10-2024 00:00:00	(ADD)Cycle Count Adjustment	Confirmed	
MDO0012770	17-10-2024 07:53:23	ADMIN	+ve Adjustment	DRY	BLK07.02.53	ZHRBX	BTL	1512	01-10-2024 00:00:00	18-10-2024 00:00:00	(ADD)Cycle Count Adjustment	Confirmed	
MDO0012775	17-10-2024 12:03:39	ADMIN	+ve Adjustment	DRY	BLK07.01.12	ZHSBD250ML	EAC	48	01-10-2024 00:00:00	18-10-2024 00:00:00	(ADD)Cycle Count Adjustment	Confirmed	
MDO0012760	16-10-2024 08:06:16	ADMIN	+ve Adjustment	DRY	BLK07.01.41	ZHSBD250ML	EAC	600	01-10-2024 00:00:00	18-10-2024 00:00:00	(ADD)Cycle Count Adjustment	Confirmed	
MDO0012718	02-10-2024 01:57:25	ADMIN	-ve Adjustment	DRY	BLK03.06.26	BEMILORG0240	PC	2500	01-10-2024 00:00:00	18-10-2024 00:00:00	(MINUS)Cycle Count Adjustment	Confirmed	
MDO0012746	12-10-2024 02:59:14	ADMIN	-ve Adjustment	DRY	BLK07.03.27	BEMNRWTFA500	BTL	240	01-10-2024 00:00:00	18-10-2024 00:00:00	(MINUS)Stock Take Adjustment	Confirmed	
MDO0012737	09-10-2024 01:13:30	ADMIN	-ve Adjustment	DRY	BLK03.01.32	CFLOWGB0440	TIN	1	01-10-2024 00:00:00	18-10-2024 00:00:00	(MINUS)Cycle Count Adjustment	Confirmed	
MDO0012737	09-10-2024 01:13:30	ADMIN	-ve Adjustment	DRY	BLK03.02.31	CFLOWGB0440	TIN	15	01-10-2024 00:00:00	18-10-2024 00:00:00	(MINUS)Cycle Count Adjustment	Confirmed	
MDO0012737	09-10-2024 01:13:30	ADMIN	-ve Adjustment	DRY	BLK04.01.27	CFLOWGB0440	TIN	1	01-10-2024 00:00:00	18-10-2024 00:00:00	(MINUS)Cycle Count Adjustment	Confirmed	
MDO0012737	09-10-2024 01:13:30	ADMIN	-ve Adjustment	DRY	RECEIVING	CFLOWGB0440	TIN	3	01-10-2024 00:00:00	18-10-2024 00:00:00	(MINUS)Cycle Count Adjustment	Confirmed	
MDO0012737	09-10-2024 01:13:30	ADMIN	-ve Adjustment	DRY	BLK01.02.31	DFRTCNGC150	PKT	73	01-10-2024 00:00:00	18-10-2024 00:00:00	(MINUS)Cycle Count Adjustment	Confirmed	
MDO0012737	09-10-2024 01:13:30	ADMIN	-ve Adjustment	DRY	BLK02.01.30	DFRTCNGC150	PKT	44	01-10-2024 00:00:00	18-10-2024 00:00:00	(MINUS)Cycle Count Adjustment	Confirmed	
MDO0012737	09-10-2024 01:13:30	ADMIN	-ve Adjustment	DRY	BLK02.02.38	DFRTCNGC150	PKT	7	01-10-2024 00:00:00	18-10-2024 00:00:00	(MINUS)Cycle Count Adjustment	Confirmed	
MDO0012761	17-10-2024 00:32:45	ADMIN	-ve Adjustment	FREEZER	FL203.01.01	FF204004	PKT	132	01-10-2024 00:00:00	18-10-2024 00:00:00	(MINUS)Stock Take Adjustment	Confirmed	
MDO0012733	04-10-2024 07:01:12	ADMIN	-ve Adjustment	FREEZER	FZ01	FF435002	PKT	900	01-10-2024 00:00:00	18-10-2024 00:00:00	(MINUS)Cycle Count Adjustment	Confirmed	
MDO0012733	04-10-2024 07:01:12	ADMIN	-ve Adjustment	FREEZER	FZ01	FF435002	PKT	138	01-10-2024 00:00:00	18-10-2024 00:00:00	(MINUS)Cycle Count Adjustment	Confirmed	
MDO0012733	04-10-2024 07:01:12	ADMIN	-ve Adjustment	FREEZER	FZ01	FF435002	PKT	240	01-10-2024 00:00:00	18-10-2024 00:00:00	(MINUS)Cycle Count Adjustment	Confirmed	
MDO0012733	04-10-2024 07:01:12	ADMIN	-ve Adjustment	FREEZER	FZ01	FF435002	PKT	240	01-10-2024 00:00:00	18-10-2024 00:00:00	(MINUS)Cycle Count Adjustment	Confirmed	
MDO0012733	04-10-2024 07:01:12	ADMIN	-ve Adjustment	FREEZER	FZ01	FF435002	PKT	240	01-10-2024 00:00:00	18-10-2024 00:00:00	(MINUS)Cycle Count Adjustment	Confirmed	
MDO0012733	04-10-2024 07:01:12	ADMIN	-ve Adjustment	FREEZER	FZ01	FF435002	PKT	240	01-10-2024 00:00:00	18-10-2024 00:00:00	(MINUS)Cycle Count Adjustment	Confirmed	
MDO0012733	04-10-2024 07:01:12	ADMIN	-ve Adjustment	FREEZER	FZ01	FF435002	PKT	240	01-10-2024 00:00:00	18-10-2024 00:00:00	(MINUS)Cycle Count Adjustment	Confirmed	
MDO0012750	15-10-2024 09:04:00	ADMIN	-ve Adjustment	FREEZER	AC02.03.24	FF780003	PKT	480	01-10-2024 00:00:00	18-10-2024 00:00:00	(MINUS)Cycle Count Adjustment	Confirmed	
MDO0012750	15-10-2024 09:04:00	ADMIN	-ve Adjustment	FREEZER	AC02.03.26	FF780003	PKT	480	01-10-2024 00:00:00	18-10-2024 00:00:00	(MINUS)Cycle Count Adjustment	Confirmed	
MDO0012750	15-10-2024 09:04:00	ADMIN	-ve Adjustment	FREEZER	AC02.04.26	FF780003	PKT	480	01-10-2024 00:00:00	18-10-2024 00:00:00	(MINUS)Cycle Count Adjustment	Confirmed	
MDO0012750	15-10-2024 09:04:00	ADMIN	-ve Adjustment	FREEZER	AC02.05.26	FF780003	PKT	480	01-10-2024 00:00:00	18-10-2024 00:00:00	(MINUS)Cycle Count Adjustment	Confirmed	
MDO0012739	09-10-2024 10:07:32	ADMIN	-ve Adjustment	FREEZER	FZ01	FRCBWLSO2KG	PKT	283	01-10-2024 00:00:00	18-10-2024 00:00:00	(MINUS)Cycle Count Adjustment	Confirmed	
MDO0012740	09-10-2024 10:09:11	ADMIN	-ve Adjustment	FREEZER	AC03.05.08	FRCBWLSO2KG	PKT	82	01-10-2024 00:00:00	18-10-2024 00:00:00	(MINUS)Cycle Count Adjustment	Confirmed	
MDO0012726	02-10-2024 10:01:25	ADMIN	-ve Adjustment	FREEZER	FRECEIVING	FRCWLBISO15000	CT	60	01-10-2024 00:00:00	18-10-2024 00:00:00	(MINUS)Cycle Count Adjustment	Confirmed	
MDO0012726	02-10-2024 10:01:25	ADMIN	-ve Adjustment	FREEZER	FRECEIVING	FRCWLBISO15000	CT	60	01-10-2024 00:00:00	18-10-2024 00:00:00	(MINUS)Cycle Count Adjustment	Confirmed	
MDO0012726	02-10-2024 10:01:25	ADMIN	-ve Adjustment	FREEZER	FRECEIVING	FRCWLBISO15000	CT	60	01-10-2024 00:00:00	18-10-2024 00:00:00	(MINUS)Cycle Count Adjustment	Confirmed	
MDO0012726	02-10-2024 10:01:25	ADMIN	-ve Adjustment	FREEZER	FRECEIVING	FRCWLBISO15000	CT	60	01-10-2024 00:00:00	18-10-2024 00:00:00	(MINUS)Cycle Count Adjustment	Confirmed	
MDO0012726	02-10-2024 10:01:25	ADMIN	-ve Adjustment	FREEZER	FRECEIVING	FRCWLBISO15000	CT	60	01-10-2024 00:00:00	18-10-2024 00:00:00	(MINUS)Cycle Count Adjustment	Confirmed	
MDO0012726	02-10-2024 10:01:25	ADMIN	-ve Adjustment	FREEZER	FRECEIVING	FRCWLBISO15000	CT	60	01-10-2024 00:00:00	18-10-2024 00:00:00	(MINUS)Cycle Count Adjustment	Confirmed	
MDO0012726	02-10-2024 10:01:25	ADMIN	-ve Adjustment	FREEZER	FRECEIVING	FRCWLBISO15000	CT	60	01-10-2024 00:00:00	18-10-2024 00:00:00	(MINUS)Cycle Count Adjustment	Confirmed	
MDO0012726	02-10-2024 10:01:25	ADMIN	-ve Adjustment	FREEZER	FRECEIVING	FRCWLBISO15000	CT	60	01-10-2024 00:00:00	18-10-2024 00:00:00	(MINUS)Cycle Count Adjustment	Confirmed	
MDO0012726	02-10-2024 10:01:25	ADMIN	-ve Adjustment	FREEZER	FRECEIVING	FRCWLBISO15000	CT	60	01-10-2024 00:00:00	18-10-2024 00:00:00	(MINUS)Cycle Count Adjustment	Confirmed	
MDO0012726	02-10-2024 10:01:25	ADMIN	-ve Adjustment	FREEZER	FRECEIVING	FRCWLBISO15000	CT	60	01-10-2024 00:00:00	18-10-2024 00:00:00	(MINUS)Cycle Count Adjustment	Confirmed	
MDO0012726	02-10-2024 10:01:25	ADMIN	-ve Adjustment	FREEZER	FRECEIVING	FRCWLBISO15000	CT	60	01-10-2024 00:00:00	18-10-2024 00:00:00	(MINUS)Cycle Count Adjustment	Confirmed	
MDO0012726	02-10-2024 10:01:25	ADMIN	-ve Adjustment	FREEZER	FRECEIVING	FRCWLBISO15000	CT	60	01-10-2024 00:00:00	18-10-2024 00:00:00	(MINUS)Cycle Count Adjustment	Confirmed	
MDO0012726	02-10-2024 10:01:25	ADMIN	-ve Adjustment	FREEZER	FRECEIVING	FRCWLBISO15000	CT	60	01-10-2024 00:00:00	18-10-2024 00:00:00	(MINUS)Cycle Count Adjustment	Confirmed	
MDO0012726	02-10-2024 10:01:25	ADMIN	-ve Adjustment	FREEZER	FRECEIVING	FRCWLBISO15000	CT	60	01-10-2024 00:00:00	18-10-2024 00:00:00	(MINUS)Cycle Count Adjustment	Confirmed	
MDO0012726	02-10-2024 10:01:25	ADMIN	-ve Adjustment	FREEZER	FRECEIVING	FRCWLBISO15000	CT	60	01-10-2024 00:00:00	18-10-2024 00:00:00	(MINUS)Cycle Count Adjustment	Confirmed	
MDO0012726	02-10-2024 10:01:25	ADMIN	-ve Adjustment	FREEZER	FRECEIVING	FRCWLBISO15000	CT	60	01-10-2024 00:00:00	18-10-2024 00:00:00	(MINUS)Cycle Count Adjustment	Confirmed	
MDO0012726	02-10-2024 10:01:25	ADMIN	-ve Adjustment	FREEZER	FRECEIVING	FRCWLBISO15000	CT	60	01-10-2024 00:00:00	18-10-2024 00:00:00	(MINUS)Cycle Count Adjustment	Confirmed	
MDO0012726	02-10-2024 10:01:25	ADMIN	-ve Adjustment	FREEZER	FRECEIVING	FRCWLBISO15000	CT	60	01-10-2024 00:00:00	18-10-2024 00:00:00	(MINUS)Cycle Count Adjustment	Confirmed	
MDO0012726	02-10-2024 10:01:25	ADMIN	-ve Adjustment	FREEZER	FRECEIVING	FRCWLBISO15000	CT	60	01-10-2024 00:00:00	18-10-2024 00:00:00	(MINUS)Cycle Count Adjustment	Confirmed	
MDO0012726	02-10-2024 10:01:25	ADMIN	-ve Adjustment	FREEZER	FRECEIVING	FRCWLBISO15000	CT	60	01-10-2024 00:00:00	18-10-2024 00:00:00	(MINUS)Cycle Count Adjustment	Confirmed	
MDO0012726	02-10-2024 10:01:25	ADMIN	-ve Adjustment	FREEZER	FRECEIVING	FRCWLBISO15000	CT	60	01-10-2024 00:00:00	18-10-2024 00:00:00	(MINUS)Cycle Count Adjustment	Confirmed	
MDO0012726	02-10-2024 10:01:25	ADMIN	-ve Adjustment	FREEZER	FRECEIVING	FRCWLBISO15000	CT	60	01-10-2024 00:00:00	18-10-2024 00:00:00	(MINUS)Cycle Count Adjustment	Confirmed	
MDO0012726	02-10-2024 10:01:25	ADMIN	-ve Adjustment	FREEZER	FRECEIVING	FRCWLBISO15000	CT	60	01-10-2024 00:00:00	18-10-2024 00:00:00	(MINUS)Cycle Count Adjustment	Confirmed	
MDO0012726	02-10-2024 10:01:25	ADMIN	-ve Adjustment	FREEZER	FRECEIVING	FRCWLBISO15000	CT	60	01-10-2024 00:00:00	18-10-2024 00:00:00	(MINUS)Cycle Count Adjustment	Confirmed	
MDO0012726	02-10-2024 10:01:25	ADMIN	-ve Adjustment	FREEZER	FRECEIVING	FRCWLBISO15000	CT	60	01-10-2024 00:00:00	18-10-2024 00:00:00	(MINUS)Cycle Count Adjustment	Confirmed	
MDO0012726	02-10-2024 10:01:25	ADMIN	-ve Adjustment	FREEZER	FRECEIVING	FRCWLBISO15000	CT	60	01-10-2024 00:00:00	18-10-2024 00:00:00	(MINUS)Cycle Count Adjustment	Confirmed	
MDO0012726	02-10-2024 10:01:25	ADMIN	-ve Adjustment	FREEZER	FRECEIVING	FRCWLBISO15000	CT	60	01-10-2024 00:00:00	18-10-2024 00:00:00	(MINUS)Cycle Count Adjustment	Confirmed	
MDO0012726	02-10-2024 10:01:25	ADMIN	-ve Adjustment	FREEZER	FRECEIVING	FRCWLBISO15000	CT	60	01-10-2024 00:00:00	18-10-2024 00:00:00	(MINUS)Cycle Count Adjustment	Confirmed	
MDO0012726	02-10-2024 10:01:25	ADMIN	-ve Adjustment	FREEZER	FRECEIVING	FRCWLBISO15000	CT	60	01-10-2024 00:00:00	18-10-2024 00:00:00	(MINUS)Cycle Count Adjustment	Confirmed	
MDO0012726	02-10-2024 10:01:25	ADMIN	-ve Adjustment	FREEZER	FRECEIVING	FRCWLBISO15000	CT	60	01-10-2024 00:00:00	18-10-2024 00:00:00	(MINUS)Cycle Count Adjustment	Confirmed	
MDO0012726	02-10-2024 10:01:25	ADMIN	-ve Adjustment	FREEZER	FRECEIVING	FRCWLBISO15000	CT	68	01-10-2024 00:00:00	18-10-2024 00:00:00	(MINUS)Cycle Count Adjustment	Confirmed	
MDO0012745	11-10-2024 08:34:36	ADMIN	-ve Adjustment	FREEZER	AC02.04.02	FRFPAGFLT170	PKT	6	01-10-2024 00:00:00	18-10-2024 00:00:00	(MINUS)Cycle Count Adjustment	Confirmed	
MDO0012738	09-10-2024 09:18:42	ADMIN	-ve Adjustment	FREEZER	FRECEIVING	FRMOCHSTB1000	PKT	42	01-10-2024 00:00:00	18-10-2024 00:00:00	(MINUS)Cycle Count Adjustment	Confirmed	
MDO0012731	03-10-2024 09:09:58	ADMIN	-ve Adjustment	FREEZER	FRECEIVING	FRSFPRAWN1KG	PKT	10	01-10-2024 00:00:00	18-10-2024 00:00:00	(MINUS)Cycle Count Adjustment	Confirmed	
MDO0012745	11-10-2024 08:34:36	ADMIN	-ve Adjustment	FREEZER	FL202.03.22	FRSWCWCSO60	PKT	55	01-10-2024 00:00:00	18-10-2024 00:00:00	(MINUS)Cycle Count Adjustment	Confirmed	
MDO0012745	11-10-2024 08:34:36	ADMIN	-ve Adjustment	FREEZER	FL202.04.22	FRSWCWCSO60	PKT	245	01-10-2024 00:00:00	18-10-2024 00:00:00	(MINUS)Cycle Count Adjustment	Confirmed	
MDO0012748	14-10-2024 09:19:51	ADMIN	-ve Adjustment	DRY	RECEIVING	GMDAS5L	EAC	10	01-10-2024 00:00:00	18-10-2024 00:00:00	(MINUS)Cycle Count Adjustment	Confirmed	
MDO0012779	18-10-2024 01:19:50	ADMIN	-ve Adjustment	DRY	BLK02.02.03	HEABMLS1000	PKT	2	01-10-2024 00:00:00	18-10-2024 00:00:00	(MINUS)Cycle Count Adjustment	Confirmed	
MDO0012779	18-10-2024 01:19:50	ADMIN	-ve Adjustment	DRY	RECEIVING	HEABMLS1000	PKT	7	01-10-2024 00:00:00	18-10-2024 00:00:00	(MINUS)Cycle Count Adjustment	Confirmed	
MDO0012748	14-10-2024 09:19:51	ADMIN	-ve Adjustment	DRY	RECEIVING	HEACHULS037.5	PKT	10	01-10-2024 00:00:00	18-10-2024 00:00:00	(MINUS)Cycle Count Adjustment	Confirmed	
MDO0012747	14-10-2024 01:12:56	ADMIN	-ve Adjustment	DRY	ANTE01	HEAGLS1000	PKT	13	01-10-2024 00:00:00	18-10-2024 00:00:00	(MINUS)Cycle Count Adjustment	Confirmed	
MDO0012732	04-10-2024 00:59:35	ADMIN	-ve Adjustment	DRY	BLK05.04.02	HESMPA600G	TIN	10	01-10-2024 00:00:00	18-10-2024 00:00:00	(MINUS)Cycle Count Adjustment	Confirmed	
MDO0012732	04-10-2024 00:59:35	ADMIN	-ve Adjustment	DRY	RECEIVING	HESMPA600G	TIN	3	01-10-2024 00:00:00	18-10-2024 00:00:00	(MINUS)Cycle Count Adjustment	Confirmed	
MDO0012716	01-10-2024 01:16:04	ADMIN	-ve Adjustment	DRY	RECEIVING	HEWNULS0500	PKT	9	01-10-2024 00:00:00	18-10-2024 00:00:00	(MINUS)Cycle Count Adjustment	Confirmed	
MDO0012730	03-10-2024 08:57:57	ADMIN	-ve Adjustment	DRY	OFFICE	IRDR05	EAC	1	01-10-2024 00:00:00	18-10-2024 00:00:00	(MINUS)Cycle Count Adjustment	Confirmed	
MDO0012730	03-10-2024 08:57:57	ADMIN	-ve Adjustment	DRY	OFFICE	IRDR07	EAC	4	01-10-2024 00:00:00	18-10-2024 00:00:00	(MINUS)Cycle Count Adjustment	Confirmed	
MDO0012730	03-10-2024 08:57:57	ADMIN	-ve Adjustment	DRY	RECEIVING	IRDR10	EAC	24	01-10-2024 00:00:00	18-10-2024 00:00:00	(MINUS)Cycle Count Adjustment	Confirmed	
MDO0012730	03-10-2024 08:57:57	ADMIN	-ve Adjustment	CHILLER	CH04.01.01	IRDR102	BTL	4	01-10-2024 00:00:00	18-10-2024 00:00:00	(MINUS)Cycle Count Adjustment	Confirmed	
MDO0012730	03-10-2024 08:57:57	ADMIN	-ve Adjustment	CHILLER	CRECEIVING	IRDR122	PKT	3	01-10-2024 00:00:00	18-10-2024 00:00:00	(MINUS)Cycle Count Adjustment	Confirmed	
MDO0012730	03-10-2024 08:57:57	ADMIN	-ve Adjustment	CHILLER	CRECEIVING	IRDR122	PKT	2	01-10-2024 00:00:00	18-10-2024 00:00:00	(MINUS)Cycle Count Adjustment	Confirmed	
MDO0012730	03-10-2024 08:57:57	ADMIN	-ve Adjustment	CHILLER	CHOFFICE	IRDR22	PKT	2	01-10-2024 00:00:00	18-10-2024 00:00:00	(MINUS)Cycle Count Adjustment	Confirmed	
MDO0012730	03-10-2024 08:57:57	ADMIN	-ve Adjustment	CHILLER	CHOFFICE	IRDR23	PKT	4	01-10-2024 00:00:00	18-10-2024 00:00:00	(MINUS)Cycle Count Adjustment	Confirmed	
MDO0012730	03-10-2024 08:57:57	ADMIN	-ve Adjustment	DRY	RECEIVING	IRDR25	BTL	4	01-10-2024 00:00:00	18-10-2024 00:00:00	(MINUS)Cycle Count Adjustment	Confirmed	
MDO0012744	11-10-2024 03:39:49	ADMIN	-ve Adjustment	DRY	RECEIVING	IRDR25	BTL	2	01-10-2024 00:00:00	18-10-2024 00:00:00	(MINUS)Cycle Count Adjustment	Confirmed	
MDO0012730	03-10-2024 08:57:57	ADMIN	-ve Adjustment	DRY	OFFICE	IRDR29	BTL	1	01-10-2024 00:00:00	18-10-2024 00:00:00	(MINUS)Cycle Count Adjustment	Confirmed	
MDO0012730	03-10-2024 08:57:57	ADMIN	-ve Adjustment	DRY	OFFICE	IRDR80	CT	5	01-10-2024 00:00:00	18-10-2024 00:00:00	(MINUS)Cycle Count Adjustment	Confirmed	
MDO0012730	03-10-2024 08:57:57	ADMIN	-ve Adjustment	DRY	OFFICE	IRDR82	EAC	6	01-10-2024 00:00:00	18-10-2024 00:00:00	(MINUS)Cycle Count Adjustment	Confirmed	
MDO0012730	03-10-2024 08:57:57	ADMIN	-ve Adjustment	DRY	RECEIVING	IRDR92	BTL	2	01-10-2024 00:00:00	18-10-2024 00:00:00	(MINUS)Cycle Count Adjustment	Confirmed	
MDO0012737	09-10-2024 01:13:30	ADMIN	-ve Adjustment	DRY	BLK1.01.01B	JAKAYLE0400	TIN	7	01-10-2024 00:00:00	18-10-2024 00:00:00	(MINUS)Cycle Count Adjustment	Confirmed	
MDO0012779	18-10-2024 01:19:50	ADMIN	-ve Adjustment	AIRCON	AC01	KGFL55025	BAG	58	01-10-2024 00:00:00	18-10-2024 00:00:00	(MINUS)Cycle Count Adjustment	Confirmed	
MDO0012766	17-10-2024 07:28:01	ADMIN	-ve Adjustment	DRY	BLK03.05.02	MI1674153	CT	5	01-10-2024 00:00:00	18-10-2024 00:00:00	(MINUS)Cycle Count Adjustment	Confirmed	
MDO0012766	17-10-2024 07:28:01	ADMIN	-ve Adjustment	DRY	BLK03.05.03	MI1674153	CT	14	01-10-2024 00:00:00	18-10-2024 00:00:00	(MINUS)Cycle Count Adjustment	Confirmed	
MDO0012766	17-10-2024 07:28:01	ADMIN	-ve Adjustment	DRY	BLK03.05.05	MI1674153	CT	20	01-10-2024 00:00:00	18-10-2024 00:00:00	(MINUS)Cycle Count Adjustment	Confirmed	
MDO0012766	17-10-2024 07:28:01	ADMIN	-ve Adjustment	DRY	BLK03.05.06	MI1674153	CT	25	01-10-2024 00:00:00	18-10-2024 00:00:00	(MINUS)Cycle Count Adjustment	Confirmed	
MDO0012748	14-10-2024 09:19:51	ADMIN	-ve Adjustment	DRY	RECEIVING	MIAGASGO012S	OUT	3	01-10-2024 00:00:00	18-10-2024 00:00:00	(MINUS)Cycle Count Adjustment	Confirmed	
MDO0012737	09-10-2024 01:13:30	ADMIN	-ve Adjustment	DRY	RECEIVING	MIMP008753	PKT	8	01-10-2024 00:00:00	18-10-2024 00:00:00	(MINUS)Cycle Count Adjustment	Confirmed	
MDO0012716	01-10-2024 01:16:04	ADMIN	-ve Adjustment	DRY	RECEIVING	MLBEL4000	PKT	1	01-10-2024 00:00:00	18-10-2024 00:00:00	(MINUS)Cycle Count Adjustment	Confirmed	
MDO0012748	14-10-2024 09:19:51	ADMIN	-ve Adjustment	DRY	RECEIVING	MLCHCUT15KG	BAG	3	01-10-2024 00:00:00	18-10-2024 00:00:00	(MINUS)Cycle Count Adjustment	Confirmed	
MDO0012748	14-10-2024 09:19:51	ADMIN	-ve Adjustment	DRY	RECEIVING	MLCHCUT15KG	BAG	3	01-10-2024 00:00:00	18-10-2024 00:00:00	(MINUS)Cycle Count Adjustment	Confirmed	
MDO0012748	14-10-2024 09:19:51	ADMIN	-ve Adjustment	DRY	RECEIVING	MLCHYKA0150	PKT	6	01-10-2024 00:00:00	18-10-2024 00:00:00	(MINUS)Cycle Count Adjustment	Confirmed	
MDO0012718	02-10-2024 01:57:25	ADMIN	-ve Adjustment	DRY	BLK01.02.08	MLFISLS0600	BTL	6	01-10-2024 00:00:00	18-10-2024 00:00:00	(MINUS)Cycle Count Adjustment	Confirmed	
MDO0012718	02-10-2024 01:57:25	ADMIN	-ve Adjustment	DRY	RECEIVING	MLFISLS0600	BTL	3	01-10-2024 00:00:00	18-10-2024 00:00:00	(MINUS)Cycle Count Adjustment	Confirmed	
MDO0012718	02-10-2024 01:57:25	ADMIN	-ve Adjustment	DRY	BLK01.02.47	OIGHEQB0800	TIN	5	01-10-2024 00:00:00	18-10-2024 00:00:00	(MINUS)Cycle Count Adjustment	Confirmed	
MDO0012718	02-10-2024 01:57:25	ADMIN	-ve Adjustment	DRY	RECEIVING	OIGHEQB0800	TIN	4	01-10-2024 00:00:00	18-10-2024 00:00:00	(MINUS)Cycle Count Adjustment	Confirmed	
MDO0012741	11-10-2024 01:06:18	ADMIN	-ve Adjustment	DRY	RECEIVING	PESWBLKC500G	BTL	1	01-10-2024 00:00:00	18-10-2024 00:00:00	(MINUS)Cycle Count Adjustment	Confirmed	
MDO0012741	11-10-2024 01:06:18	ADMIN	-ve Adjustment	DRY	RECEIVING	PESWBLKC500G	BTL	7	01-10-2024 00:00:00	18-10-2024 00:00:00	(MINUS)Cycle Count Adjustment	Confirmed	
MDO0012727	02-10-2024 10:04:09	ADMIN	-ve Adjustment	DRY	RECEIVING	PEWPCORN25KG	BAG	2	01-10-2024 00:00:00	18-10-2024 00:00:00	(MINUS)Cycle Count Adjustment	Confirmed	
MDO0012727	02-10-2024 10:04:09	ADMIN	-ve Adjustment	DRY	RECEIVING	PEWPCORN25KG	BAG	3	01-10-2024 00:00:00	18-10-2024 00:00:00	(MINUS)Cycle Count Adjustment	Confirmed	
MDO0012735	07-10-2024 01:16:50	ADMIN	-ve Adjustment	FSTransit	FSBIN	PWDZBSJT80G	EAC	144	01-10-2024 00:00:00	18-10-2024 00:00:00	(MINUS)Cycle Count Adjustment	Confirmed	
MDO0012735	07-10-2024 01:16:50	ADMIN	-ve Adjustment	FSTransit	FSBIN	PWDZBSJTC80G	EAC	144	01-10-2024 00:00:00	18-10-2024 00:00:00	(MINUS)Cycle Count Adjustment	Confirmed	
MDO0012716	01-10-2024 01:16:04	ADMIN	-ve Adjustment	DRY	BLK03.01.05	RISAKJPRICE5KG	PKT	6	01-10-2024 00:00:00	18-10-2024 00:00:00	(MINUS)Cycle Count Adjustment	Confirmed	
MDO0012728	03-10-2024 03:33:19	ADMIN	-ve Adjustment	DRY	208E	RMOIOLPRR5L	TIN	192	01-10-2024 00:00:00	18-10-2024 00:00:00	(MINUS)Cycle Count Adjustment	Confirmed	
MDO0012728	03-10-2024 03:33:19	ADMIN	-ve Adjustment	DRY	BLK05.02.49	RMOIOLPRR5L	TIN	106	01-10-2024 00:00:00	18-10-2024 00:00:00	(MINUS)Cycle Count Adjustment	Confirmed	
MDO0012728	03-10-2024 03:33:19	ADMIN	-ve Adjustment	DRY	BLK05.03.51	RMOIOLPRR5L	TIN	122	01-10-2024 00:00:00	18-10-2024 00:00:00	(MINUS)Cycle Count Adjustment	Confirmed	
MDO0012728	03-10-2024 03:33:19	ADMIN	-ve Adjustment	DRY	BLK05.03.52	RMOIOLPRR5L	TIN	44	01-10-2024 00:00:00	18-10-2024 00:00:00	(MINUS)Cycle Count Adjustment	Confirmed	
MDO0012728	03-10-2024 03:33:19	ADMIN	-ve Adjustment	DRY	BLK06.03.67	RMOIOLPRR5L	TIN	34	01-10-2024 00:00:00	18-10-2024 00:00:00	(MINUS)Cycle Count Adjustment	Confirmed	
MDO0012719	02-10-2024 06:31:25	ADMIN	-ve Adjustment	FREEZER	FL204.02.05	RMVEBROCOLI	PKT	168	01-10-2024 00:00:00	18-10-2024 00:00:00	Inventory Misplaced	Confirmed	
MDO0012719	02-10-2024 06:31:25	ADMIN	-ve Adjustment	FREEZER	FL204.02.05	RMVEBROCOLI	PKT	24	01-10-2024 00:00:00	18-10-2024 00:00:00	Inventory Misplaced	Confirmed	
MDO0012719	02-10-2024 06:31:25	ADMIN	-ve Adjustment	FREEZER	FL204.03.09	RMVEBROCOLI	PKT	168	01-10-2024 00:00:00	18-10-2024 00:00:00	Inventory Misplaced	Confirmed	
MDO0012719	02-10-2024 06:31:25	ADMIN	-ve Adjustment	FREEZER	FL204.03.09	RMVEBROCOLI	PKT	168	01-10-2024 00:00:00	18-10-2024 00:00:00	Inventory Misplaced	Confirmed	
MDO0012719	02-10-2024 06:31:25	ADMIN	-ve Adjustment	FREEZER	FL204.04.09	RMVEBROCOLI	PKT	168	01-10-2024 00:00:00	18-10-2024 00:00:00	Inventory Misplaced	Confirmed	
MDO0012719	02-10-2024 06:31:25	ADMIN	-ve Adjustment	FREEZER	FL204.04.09	RMVEBROCOLI	PKT	168	01-10-2024 00:00:00	18-10-2024 00:00:00	Inventory Misplaced	Confirmed	
MDO0012719	02-10-2024 06:31:25	ADMIN	-ve Adjustment	FREEZER	FL204.05.09	RMVEBROCOLI	PKT	168	01-10-2024 00:00:00	18-10-2024 00:00:00	Inventory Misplaced	Confirmed	
MDO0012719	02-10-2024 06:31:25	ADMIN	-ve Adjustment	FREEZER	FL204.05.09	RMVEBROCOLI	PKT	168	01-10-2024 00:00:00	18-10-2024 00:00:00	Inventory Misplaced	Confirmed	
MDO0012734	07-10-2024 01:01:58	ADMIN	-ve Adjustment	DRY	BLK02.03.15	SAMENTAI500ML	PKT	36	01-10-2024 00:00:00	18-10-2024 00:00:00	(MINUS)Cycle Count Adjustment	Confirmed	
MDO0012734	07-10-2024 01:01:58	ADMIN	-ve Adjustment	DRY	BLK06.02.01	SAMENTAI500ML	PKT	11	01-10-2024 00:00:00	18-10-2024 00:00:00	(MINUS)Cycle Count Adjustment	Confirmed	
MDO0012737	09-10-2024 01:13:30	ADMIN	-ve Adjustment	DRY	BLK01.02.41	SATHSOYSA700	BTL	12	01-10-2024 00:00:00	18-10-2024 00:00:00	(MINUS)Cycle Count Adjustment	Confirmed	
MDO0012779	18-10-2024 01:19:50	ADMIN	-ve Adjustment	DRY	BLK03.02.55	SUSFINRSI0005	PKT	8	01-10-2024 00:00:00	18-10-2024 00:00:00	(MINUS)Cycle Count Adjustment	Confirmed	
MDO0012779	18-10-2024 01:19:50	ADMIN	-ve Adjustment	DRY	BLK03.02.66	SUSFINRSI0005	PKT	1	01-10-2024 00:00:00	18-10-2024 00:00:00	(MINUS)Cycle Count Adjustment	Confirmed	
MDO0012742	11-10-2024 01:45:06	ADMIN	-ve Adjustment	AIRCON	5M03.01.01	UNMMAC000CP	TUB	3	01-10-2024 00:00:00	18-10-2024 00:00:00	(MINUS)Cycle Count Adjustment	Confirmed	
MDO0012743	11-10-2024 01:46:47	ADMIN	-ve Adjustment	AIRCON	5M03.01.05	UNMMAC000HR	TUB	3	01-10-2024 00:00:00	18-10-2024 00:00:00	(MINUS)Cycle Count Adjustment	Confirmed	
MDO0012735	07-10-2024 01:16:50	ADMIN	-ve Adjustment	FSTransit	FSBIN	XA69918619	PKT	10	01-10-2024 00:00:00	18-10-2024 00:00:00	(MINUS)Cycle Count Adjustment	Confirmed	
MDO0012735	07-10-2024 01:16:50	ADMIN	-ve Adjustment	FSTransit	FSBIN	XA69919175	PKT	10	01-10-2024 00:00:00	18-10-2024 00:00:00	(MINUS)Cycle Count Adjustment	Confirmed	
MDO0012735	07-10-2024 01:16:50	ADMIN	-ve Adjustment	FSTransit	FSBIN	XE67053380	OUT	24	01-10-2024 00:00:00	18-10-2024 00:00:00	(MINUS)Cycle Count Adjustment	Confirmed	
MDO0012735	07-10-2024 01:16:50	ADMIN	-ve Adjustment	FSTransit	FSBIN	XE67053380	OUT	48	01-10-2024 00:00:00	18-10-2024 00:00:00	(MINUS)Cycle Count Adjustment	Confirmed	
MDO0012735	07-10-2024 01:16:50	ADMIN	-ve Adjustment	FSTransit	FSBIN	XE67053380	OUT	528	01-10-2024 00:00:00	18-10-2024 00:00:00	(MINUS)Cycle Count Adjustment	Confirmed	
MDO0012748	14-10-2024 09:19:51	ADMIN	-ve Adjustment	DRY	RECEIVING	XE67053380	OUT	24	01-10-2024 00:00:00	18-10-2024 00:00:00	(MINUS)Cycle Count Adjustment	Confirmed	
MDO0012735	07-10-2024 01:16:50	ADMIN	-ve Adjustment	FSTransit	FSBIN	XE67549291	OUT	8	01-10-2024 00:00:00	18-10-2024 00:00:00	(MINUS)Cycle Count Adjustment	Confirmed	
MDO0012748	14-10-2024 09:19:51	ADMIN	-ve Adjustment	DRY	RECEIVING	XE67550345	BOX	4	01-10-2024 00:00:00	18-10-2024 00:00:00	(MINUS)Cycle Count Adjustment	Confirmed	
MDO0012735	07-10-2024 01:16:50	ADMIN	-ve Adjustment	FSTransit	FSBIN	XVLEMON325ML	CAN	336	01-10-2024 00:00:00	18-10-2024 00:00:00	(MINUS)Cycle Count Adjustment	Confirmed	
MDO0012748	14-10-2024 09:19:51	ADMIN	-ve Adjustment	DRY	RECEIVING	Z72400005	PKT	4	01-10-2024 00:00:00	18-10-2024 00:00:00	(MINUS)Cycle Count Adjustment	Confirmed	
MDO0012748	14-10-2024 09:19:51	ADMIN	-ve Adjustment	DRY	RECEIVING	Z72400007	PKT	30	01-10-2024 00:00:00	18-10-2024 00:00:00	(MINUS)Cycle Count Adjustment	Confirmed	
MDO0012735	07-10-2024 01:16:50	ADMIN	-ve Adjustment	FSTransit	FSBIN	Z72400012	EAC	120	01-10-2024 00:00:00	18-10-2024 00:00:00	(MINUS)Cycle Count Adjustment	Confirmed	
MDO0012718	02-10-2024 01:57:25	ADMIN	-ve Adjustment	DRY	BLK04.01.20	ZASABBQS1000	PKT	1	01-10-2024 00:00:00	18-10-2024 00:00:00	(MINUS)Cycle Count Adjustment	Confirmed	
MDO0012718	02-10-2024 01:57:25	ADMIN	-ve Adjustment	DRY	RECEIVING	ZASABBQS1000	PKT	8	01-10-2024 00:00:00	18-10-2024 00:00:00	(MINUS)Cycle Count Adjustment	Confirmed	
MDO0012736	08-10-2024 01:17:35	ADMIN	-ve Adjustment	DRY	RECEIVING	ZBCNCHSKN1000	BTL	12	01-10-2024 00:00:00	18-10-2024 00:00:00	(MINUS)Cycle Count Adjustment	Confirmed	
MDO0012748	14-10-2024 09:19:51	ADMIN	-ve Adjustment	DRY	RECEIVING	ZBMAYCBF3000	TUB	5	01-10-2024 00:00:00	18-10-2024 00:00:00	(MINUS)Cycle Count Adjustment	Confirmed	
MDO0012741	11-10-2024 01:06:18	ADMIN	-ve Adjustment	DRY	RECEIVING	ZBTPAKN4500	TIN	79	01-10-2024 00:00:00	18-10-2024 00:00:00	(MINUS)Cycle Count Adjustment	Confirmed	
MDO0012734	07-10-2024 01:01:58	ADMIN	-ve Adjustment	DRY	RECEIVING	ZBTPAKN4500	TIN	79	01-10-2024 00:00:00	18-10-2024 00:00:00	(MINUS)Cycle Count Adjustment	Confirmed	
MDO0012735	07-10-2024 01:16:50	ADMIN	-ve Adjustment	FSTransit	FSBIN	ZCBEVOR1L	PKT	48	01-10-2024 00:00:00	18-10-2024 00:00:00	(MINUS)Cycle Count Adjustment	Confirmed	
MDO0012735	07-10-2024 01:16:50	ADMIN	-ve Adjustment	FSTransit	FSBIN	ZCBEVOR1L	PKT	24	01-10-2024 00:00:00	18-10-2024 00:00:00	(MINUS)Cycle Count Adjustment	Confirmed	
MDO0012735	07-10-2024 01:16:50	ADMIN	-ve Adjustment	FSTransit	FSBIN	ZCOIRED100G	PKT	300	01-10-2024 00:00:00	18-10-2024 00:00:00	(MINUS)Cycle Count Adjustment	Confirmed	
MDO0012735	07-10-2024 01:16:50	ADMIN	-ve Adjustment	FSTransit	FSBIN	ZCPMV5S	PKT	12	01-10-2024 00:00:00	18-10-2024 00:00:00	(MINUS)Cycle Count Adjustment	Confirmed	
MDO0012735	07-10-2024 01:16:50	ADMIN	-ve Adjustment	FSTransit	FSBIN	ZCTEM-CG-CH12P00220-R00	PKT	12	01-10-2024 00:00:00	18-10-2024 00:00:00	(MINUS)Cycle Count Adjustment	Confirmed	
MDO0012735	07-10-2024 01:16:50	ADMIN	-ve Adjustment	FSTransit	FSBIN	ZCTEM-CG-GC12P00250-R00	PKT	12	01-10-2024 00:00:00	18-10-2024 00:00:00	(MINUS)Cycle Count Adjustment	Confirmed	
MDO0012735	07-10-2024 01:16:50	ADMIN	-ve Adjustment	FSTransit	FSBIN	ZCTEM-CG-HA12P00250-R00	PKT	71	01-10-2024 00:00:00	18-10-2024 00:00:00	(MINUS)Cycle Count Adjustment	Confirmed	
MDO0012745	11-10-2024 08:34:36	ADMIN	-ve Adjustment	FREEZER	FL207.01.08	ZF115595	EAC	20	01-10-2024 00:00:00	18-10-2024 00:00:00	(MINUS)Cycle Count Adjustment	Confirmed	
MDO0012729	03-10-2024 06:22:23	ADMIN	-ve Adjustment	FREEZER	FL207.01.08	ZF121251	PKT	62	01-10-2024 00:00:00	18-10-2024 00:00:00	(MINUS)Cycle Count Adjustment	Confirmed	
MDO0012729	03-10-2024 06:22:23	ADMIN	-ve Adjustment	FREEZER	FRECEIVING	ZF121251	PKT	27	01-10-2024 00:00:00	18-10-2024 00:00:00	(MINUS)Cycle Count Adjustment	Confirmed	
MDO0012729	03-10-2024 06:22:23	ADMIN	-ve Adjustment	CHILLER	CH05.02.04	ZF122310	PKT	24	01-10-2024 00:00:00	18-10-2024 00:00:00	(MINUS)Cycle Count Adjustment	Confirmed	
MDO0012771	17-10-2024 07:54:16	ADMIN	-ve Adjustment	DRY	L3TRANSFERBIN	ZHKTD	BTL	768	01-10-2024 00:00:00	18-10-2024 00:00:00	(MINUS)Cycle Count Adjustment	Confirmed	
MDO0012767	17-10-2024 07:47:22	ADMIN	-ve Adjustment	DRY	L3TRANSFERBIN	ZHKTD	BTL	288	01-10-2024 00:00:00	18-10-2024 00:00:00	(MINUS)Cycle Count Adjustment	Confirmed	
MDO0012769	17-10-2024 07:51:38	ADMIN	-ve Adjustment	DRY	L3TRANSFERBIN	ZHKTD	BTL	288	01-10-2024 00:00:00	18-10-2024 00:00:00	(MINUS)Cycle Count Adjustment	Confirmed	
MDO0012771	17-10-2024 07:54:16	ADMIN	-ve Adjustment	DRY	L3TRANSFERBIN	ZHRBG	EAC	1704	01-10-2024 00:00:00	18-10-2024 00:00:00	(MINUS)Cycle Count Adjustment	Confirmed	
MDO0012767	17-10-2024 07:47:22	ADMIN	-ve Adjustment	DRY	L3TRANSFERBIN	ZHRBG	EAC	192	01-10-2024 00:00:00	18-10-2024 00:00:00	(MINUS)Cycle Count Adjustment	Confirmed	
MDO0012767	17-10-2024 07:47:22	ADMIN	-ve Adjustment	DRY	L3TRANSFERBIN	ZHRBG	EAC	1272	01-10-2024 00:00:00	18-10-2024 00:00:00	(MINUS)Cycle Count Adjustment	Confirmed	
MDO0012767	17-10-2024 07:47:22	ADMIN	-ve Adjustment	DRY	L3TRANSFERBIN	ZHRBG	EAC	2592	01-10-2024 00:00:00	18-10-2024 00:00:00	(MINUS)Cycle Count Adjustment	Confirmed	
MDO0012780	18-10-2024 05:40:34	ADMIN	-ve Adjustment	DRY	RECEIVING	ZHRBG	EAC	1296	01-10-2024 00:00:00	18-10-2024 00:00:00	(MINUS)Cycle Count Adjustment	Not Confirmed	
MDO0012769	17-10-2024 07:51:38	ADMIN	-ve Adjustment	DRY	L3TRANSFERBIN	ZHRBG	EAC	24	01-10-2024 00:00:00	18-10-2024 00:00:00	(MINUS)Cycle Count Adjustment	Confirmed	
MDO0012749	15-10-2024 07:24:53	ADMIN	-ve Adjustment	DAMAGE	DAMAGEBIN	ZHRBG	EAC	12	01-10-2024 00:00:00	18-10-2024 00:00:00	(MINUS)Cycle Count Adjustment	Confirmed	
MDO0012773	17-10-2024 07:58:43	ADMIN	-ve Adjustment	DRY	BLK07.01.58	ZHRBP	BTL	72	01-10-2024 00:00:00	18-10-2024 00:00:00	(MINUS)Cycle Count Adjustment	Confirmed	
MDO0012767	17-10-2024 07:47:22	ADMIN	-ve Adjustment	DRY	BLK07.01.58	ZHRBP	BTL	18	01-10-2024 00:00:00	18-10-2024 00:00:00	(MINUS)Cycle Count Adjustment	Confirmed	
MDO0012767	17-10-2024 07:47:22	ADMIN	-ve Adjustment	DRY	L3TRANSFERBIN	ZHRBSAM250ML	EAC	642	01-10-2024 00:00:00	18-10-2024 00:00:00	(MINUS)Cycle Count Adjustment	Confirmed	
MDO0012767	17-10-2024 07:47:22	ADMIN	-ve Adjustment	DRY	RECEIVING	ZHRBSAM250ML	EAC	22	01-10-2024 00:00:00	18-10-2024 00:00:00	(MINUS)Cycle Count Adjustment	Confirmed	
MDO0012769	17-10-2024 07:51:38	ADMIN	-ve Adjustment	DRY	RECEIVING	ZHRBSAM250ML	EAC	24	01-10-2024 00:00:00	18-10-2024 00:00:00	(MINUS)Cycle Count Adjustment	Confirmed	
MDO0012769	17-10-2024 07:51:38	ADMIN	-ve Adjustment	DRY	RECEIVING	ZHRBSAM250ML	EAC	1848	01-10-2024 00:00:00	18-10-2024 00:00:00	(MINUS)Cycle Count Adjustment	Confirmed	
MDO0012771	17-10-2024 07:54:16	ADMIN	-ve Adjustment	DRY	RECEIVING	ZHRBSAM250ML	EAC	840	01-10-2024 00:00:00	18-10-2024 00:00:00	(MINUS)Cycle Count Adjustment	Confirmed	
MDO0012771	17-10-2024 07:54:16	ADMIN	-ve Adjustment	DRY	RECEIVING	ZHRBSAM250ML	EAC	2280	01-10-2024 00:00:00	18-10-2024 00:00:00	(MINUS)Cycle Count Adjustment	Confirmed	
MDO0012769	17-10-2024 07:51:38	ADMIN	-ve Adjustment	DRY	BLK07.02.53	ZHRBX	BTL	1872	01-10-2024 00:00:00	18-10-2024 00:00:00	(MINUS)Cycle Count Adjustment	Confirmed	
MDO0012771	17-10-2024 07:54:16	ADMIN	-ve Adjustment	DRY	BLK07.02.53	ZHRBX	BTL	1512	01-10-2024 00:00:00	18-10-2024 00:00:00	(MINUS)Cycle Count Adjustment	Confirmed	
MDO0012767	17-10-2024 07:47:22	ADMIN	-ve Adjustment	DRY	RECEIVING	ZHRBX	BTL	168	01-10-2024 00:00:00	18-10-2024 00:00:00	(MINUS)Cycle Count Adjustment	Confirmed	
MDO0012735	07-10-2024 01:16:50	ADMIN	-ve Adjustment	FSTransit	FSBIN	ZO18625601	EAC	96	01-10-2024 00:00:00	18-10-2024 00:00:00	(MINUS)Cycle Count Adjustment	Confirmed	
MDO0012735	07-10-2024 01:16:50	ADMIN	-ve Adjustment	FSTransit	FSBIN	ZO18625608	EAC	96	01-10-2024 00:00:00	18-10-2024 00:00:00	(MINUS)Cycle Count Adjustment	Confirmed	
MDO0012735	07-10-2024 01:16:50	ADMIN	-ve Adjustment	FSTransit	FSBIN	ZO18625610	EAC	96	01-10-2024 00:00:00	18-10-2024 00:00:00	(MINUS)Cycle Count Adjustment	Confirmed	
MDO0012748	14-10-2024 09:19:51	ADMIN	-ve Adjustment	DRY	RECEIVING	ZO18625610	EAC	576	01-10-2024 00:00:00	18-10-2024 00:00:00	(MINUS)Cycle Count Adjustment	Confirmed	
MDO0012748	14-10-2024 09:19:51	ADMIN	-ve Adjustment	DRY	RECEIVING	ZO88811101	EAC	99	01-10-2024 00:00:00	18-10-2024 00:00:00	(MINUS)Cycle Count Adjustment	Confirmed	
MDO0012748	14-10-2024 09:19:51	ADMIN	-ve Adjustment	DRY	RECEIVING	ZO88811101	EAC	99	01-10-2024 00:00:00	18-10-2024 00:00:00	(MINUS)Cycle Count Adjustment	Confirmed	
MDO0012748	14-10-2024 09:19:51	ADMIN	-ve Adjustment	DRY	RECEIVING	ZO88811101	EAC	99	01-10-2024 00:00:00	18-10-2024 00:00:00	(MINUS)Cycle Count Adjustment	Confirmed	
MDO0012748	14-10-2024 09:19:51	ADMIN	-ve Adjustment	DRY	RECEIVING	ZO88811101	EAC	99	01-10-2024 00:00:00	18-10-2024 00:00:00	(MINUS)Cycle Count Adjustment	Confirmed	
MDO0012748	14-10-2024 09:19:51	ADMIN	-ve Adjustment	DRY	RECEIVING	ZO88811101	EAC	99	01-10-2024 00:00:00	18-10-2024 00:00:00	(MINUS)Cycle Count Adjustment	Confirmed	
MDO0012748	14-10-2024 09:19:51	ADMIN	-ve Adjustment	DRY	RECEIVING	ZO88811101	EAC	99	01-10-2024 00:00:00	18-10-2024 00:00:00	(MINUS)Cycle Count Adjustment	Confirmed	
MDO0012748	14-10-2024 09:19:51	ADMIN	-ve Adjustment	DRY	RECEIVING	ZO88811101	EAC	99	01-10-2024 00:00:00	18-10-2024 00:00:00	(MINUS)Cycle Count Adjustment	Confirmed	
MDO0012748	14-10-2024 09:19:51	ADMIN	-ve Adjustment	DRY	RECEIVING	ZO88811101	EAC	99	01-10-2024 00:00:00	18-10-2024 00:00:00	(MINUS)Cycle Count Adjustment	Confirmed	
MDO0012735	07-10-2024 01:16:50	ADMIN	-ve Adjustment	FSTransit	FSBIN	ZO88811101	EAC	100	01-10-2024 00:00:00	18-10-2024 00:00:00	(MINUS)Cycle Count Adjustment	Confirmed	
MDO0012735	07-10-2024 01:16:50	ADMIN	-ve Adjustment	FSTransit	FSBIN	ZO88811101	EAC	500	01-10-2024 00:00:00	18-10-2024 00:00:00	(MINUS)Cycle Count Adjustment	Confirmed	
MDO0012735	07-10-2024 01:16:50	ADMIN	-ve Adjustment	FSTransit	FSBIN	ZO88811101	EAC	300	01-10-2024 00:00:00	18-10-2024 00:00:00	(MINUS)Cycle Count Adjustment	Confirmed	
MDO0012748	14-10-2024 09:19:51	ADMIN	-ve Adjustment	DRY	RECEIVING	ZO88811514	EAC	400	01-10-2024 00:00:00	18-10-2024 00:00:00	(MINUS)Cycle Count Adjustment	Confirmed	
MDO0012735	07-10-2024 01:16:50	ADMIN	-ve Adjustment	FSTransit	FSBIN	ZO88811523	EAC	100	01-10-2024 00:00:00	18-10-2024 00:00:00	(MINUS)Cycle Count Adjustment	Confirmed	
MDO0012735	07-10-2024 01:16:50	ADMIN	-ve Adjustment	FSTransit	FSBIN	ZO88811523	EAC	1000	01-10-2024 00:00:00	18-10-2024 00:00:00	(MINUS)Cycle Count Adjustment	Confirmed	
MDO0012735	07-10-2024 01:16:50	ADMIN	-ve Adjustment	FSTransit	FSBIN	ZPI79497S	EAC	50	01-10-2024 00:00:00	18-10-2024 00:00:00	(MINUS)Cycle Count Adjustment	Confirmed	
MDO0012735	07-10-2024 01:16:50	ADMIN	-ve Adjustment	FSTransit	FSBIN	ZW1303400102	BTL	132	01-10-2024 00:00:00	18-10-2024 00:00:00	(MINUS)Cycle Count Adjustment	Confirmed	
MDO0012717	01-10-2024 08:24:37	ADMIN	-ve Adjustment	DRY	2010D	ZW1816100517	OUT	480	01-10-2024 00:00:00	18-10-2024 00:00:00	(MINUS)Cycle Count Adjustment	Confirmed	
MDO0012717	01-10-2024 08:24:37	ADMIN	-ve Adjustment	DRY	2011D	ZW1816100517	OUT	474	01-10-2024 00:00:00	18-10-2024 00:00:00	(MINUS)Cycle Count Adjustment	Confirmed	
MDO0012717	01-10-2024 08:24:37	ADMIN	-ve Adjustment	DRY	2011F	ZW1816100517	OUT	480	01-10-2024 00:00:00	18-10-2024 00:00:00	(MINUS)Cycle Count Adjustment	Confirmed	
MDO0012717	01-10-2024 08:24:37	ADMIN	-ve Adjustment	DRY	2012F	ZW1816100517	OUT	480	01-10-2024 00:00:00	18-10-2024 00:00:00	(MINUS)Cycle Count Adjustment	Confirmed	
MDO0012717	01-10-2024 08:24:37	ADMIN	-ve Adjustment	DRY	2013D	ZW1816100517	OUT	480	01-10-2024 00:00:00	18-10-2024 00:00:00	(MINUS)Cycle Count Adjustment	Confirmed	
MDO0012717	01-10-2024 08:24:37	ADMIN	-ve Adjustment	DRY	2015F	ZW1816100517	OUT	480	01-10-2024 00:00:00	18-10-2024 00:00:00	(MINUS)Cycle Count Adjustment	Confirmed	
MDO0012717	01-10-2024 08:24:37	ADMIN	-ve Adjustment	DRY	204D	ZW1816100517	OUT	408	01-10-2024 00:00:00	18-10-2024 00:00:00	(MINUS)Cycle Count Adjustment	Confirmed	
MDO0012717	01-10-2024 08:24:37	ADMIN	-ve Adjustment	DRY	2013E	ZW1816100750	PKT	480	01-10-2024 00:00:00	18-10-2024 00:00:00	(MINUS)Cycle Count Adjustment	Confirmed	
MDO0012717	01-10-2024 08:24:37	ADMIN	-ve Adjustment	DRY	2013F	ZW1816100750	PKT	480	01-10-2024 00:00:00	18-10-2024 00:00:00	(MINUS)Cycle Count Adjustment	Confirmed	
MDO0012717	01-10-2024 08:24:37	ADMIN	-ve Adjustment	DRY	2014D	ZW1816100750	PKT	480	01-10-2024 00:00:00	18-10-2024 00:00:00	(MINUS)Cycle Count Adjustment	Confirmed	
MDO0012717	01-10-2024 08:24:37	ADMIN	-ve Adjustment	DRY	2016E	ZW1816100750	PKT	180	01-10-2024 00:00:00	18-10-2024 00:00:00	(MINUS)Cycle Count Adjustment	Confirmed	
MDO0012717	01-10-2024 08:24:37	ADMIN	-ve Adjustment	DRY	2016F	ZW1816100750	PKT	60	01-10-2024 00:00:00	18-10-2024 00:00:00	(MINUS)Cycle Count Adjustment	Confirmed	
MDO0012717	01-10-2024 08:24:37	ADMIN	-ve Adjustment	DRY	208D	ZW1816100750	PKT	480	01-10-2024 00:00:00	18-10-2024 00:00:00	(MINUS)Cycle Count Adjustment	Confirmed	
MDO0012717	01-10-2024 08:24:37	ADMIN	-ve Adjustment	DRY	209D	ZW1816100750	PKT	480	01-10-2024 00:00:00	18-10-2024 00:00:00	(MINUS)Cycle Count Adjustment	Confirmed	
MDO0012717	01-10-2024 08:24:37	ADMIN	-ve Adjustment	DRY	BLK07.04.05	ZW1816100750	PKT	480	01-10-2024 00:00:00	18-10-2024 00:00:00	(MINUS)Cycle Count Adjustment	Confirmed	
